{"cameraMode":{"drawMode":0,"name":"Shaded","section":"Shading Mode"},"sceneLighting":true,"audioPlay":false,"sceneViewState":{"m_AlwaysRefresh":false,"showFog":true,"showSkybox":true,"showFlares":true,"showImageEffects":true,"showParticleSystems":true,"showVisualEffectGraphs":true,"m_FxEnabled":true},"in2DMode":false,"pivot":{"x":4.044310092926025,"y":-0.40703073143959048,"z":28.888172149658204},"rotation":{"x":0.2272355854511261,"y":0.0636783093214035,"z":-0.01494249515235424,"w":0.9716209173202515},"size":9.525789260864258,"orthographic":false}